customer_id,age,gender,annual_income,spending_score,purchase_frequency,avg_transaction_value,product_category,tenure_months,online_engagement_score,returns_ratio
1,56,Other,58058.00865193354,15,25,161.33940305472106,Clothing,62,38.0,0.426253089007447
2,46,Female,61086.37772908473,48,1,117.10054698348625,Clothing,71,59.0,0.2513541748757512
3,32,Other,82763.4148027561,82,11,183.718765109,Sports,31,9.0,0.3103633018525863
4,60,Female,53368.26751473683,42,19,196.9772416964507,Electronics,64,73.0,0.050527806706259004
5,25,Other,72362.81190561363,60,9,110.20375322439477,Beauty,25,72.0,0.5907455378256679
6,38,Male,49925.91038653717,84,27,239.7566634980311,Home,38,51.0,0.39984438281695134
7,56,Male,,70,2,325.87570798892284,Electronics,14,35.0,0.17124244107805348
8,36,Male,57919.00486400727,12,12,147.1236181028139,Home,8,82.0,0.3514850365291466
9,40,Female,70305.45705973532,2,4,257.0062575162871,Beauty,54,,0.06568941964139638
10,28,Male,83883.63925102138,7,4,281.67485405014185,Sports,2,14.0,0.5795020012845501
11,28,Female,61930.9052707755,80,18,243.32925797805655,Clothing,56,92.0,0.10487099273001955
12,41,Male,30003.261773529113,3,15,264.8554071792847,Clothing,61,30.0,0.38881819083312846
13,53,Male,72628.92587067875,3,19,265.78618100761685,Sports,22,4.0,0.14727267752335826
14,57,Female,436307.37393165677,27,13,184.98176344652543,Electronics,35,39.0,0.43053682958912143
15,41,Female,62173.37662134701,40,19,369.88660576094946,Electronics,16,84.0,0.4660928203441686
16,20,Male,25824.64721640841,33,17,349.82054672609723,Home,50,64.0,0.40405183734685957
17,39,Female,63393.05778941703,92,6,345.1929117792934,Sports,43,25.0,0.3686996761531155
18,19,Male,59939.74793632321,1,16,331.0940592435091,Electronics,17,28.0,0.535481456371207
19,41,Female,58257.82313275221,8,24,124.00164244535809,Sports,58,76.0,0.04717602659385482
20,61,Other,78908.19799954265,32,12,324.08499022495727,Beauty,2,66.0,0.1985488594681171
21,47,Other,87565.49572671448,48,19,302.44811420396064,Clothing,4,78.0,0.14897248777850758
22,55,Other,73671.71490402166,4,5,127.07811080449733,Clothing,39,22.0,0.592808377239253
23,19,Other,57338.83830657863,94,17,232.80717158799374,Clothing,6,31.0,0.23363386780012407
24,38,Other,82513.5756873926,70,26,272.14347594602305,Sports,69,23.0,0.43956761954423923
25,50,Male,30123.407175715187,19,23,383.1453678499708,Sports,69,48.0,0.4108350983286027
26,29,Other,45678.87758532011,32,26,307.9779086315407,Home,20,20.0,0.12724874248642662
27,39,Other,47907.444427965405,9,29,180.83474181773587,Clothing,64,38.0,0.14339860812693078
28,61,Other,59380.98704136131,12,1,1156.8932300284712,Home,16,55.0,0.16877073813182045
29,42,Other,70134.69324973675,11,28,253.50238101711113,Clothing,51,68.0,0.24667636695562753
30,44,Female,55985.74103325432,46,27,229.53270904775266,Home,37,79.0,0.14059503939031606
31,59,Male,41879.284109954504,16,25,223.83054427289503,Home,69,88.0,0.011790889648108682
32,45,Other,79497.0056939226,1,24,120.11558095814934,Beauty,42,89.0,0.5276358340843172
33,33,Other,55290.865555906115,63,23,241.21843969470862,Home,57,1.0,0.5793658988285304
34,32,Other,62042.57841742068,21,10,289.79882058445264,Sports,66,7.0,0.20494223221894076
35,64,Male,71021.35490951815,30,15,219.16933379798274,Home,9,57.0,0.2031041276552837
36,61,Female,60777.55215845894,13,23,283.63619817980464,Clothing,64,95.0,0.004255087664622592
37,20,Male,60865.433894885806,34,21,180.84871432686555,Home,22,,0.4081504129982244
38,54,Female,80609.4684087166,4,21,238.7257668577904,Electronics,34,5.0,0.49526393744917724
39,24,Other,63027.38949140753,28,11,275.3232261286906,Clothing,55,50.0,0.0879649802160019
40,38,Other,77255.93971580979,95,13,265.1728701650737,Electronics,29,42.0,0.09579980962029044
41,26,Male,70893.34888636779,59,5,121.5627928224763,Clothing,38,12.0,0.47404994998286265
42,56,Male,100337.75088373832,27,1,214.8795239303017,Sports,18,,0.3697744490124868
43,35,Female,68188.2683573826,69,24,384.1970344250085,Sports,71,66.0,0.026916334576630205
44,21,Female,72759.46540301545,25,12,210.60431405355857,Sports,65,74.0,0.373528194277369
45,42,Male,82033.13427992734,3,11,251.26460352894716,Electronics,1,79.0,0.18535063370625962
46,31,Female,61272.355199003396,97,17,243.05953995608445,Beauty,4,94.0,0.22123509328250757
47,26,Male,47242.93806541118,68,4,375.4591807135721,Clothing,4,17.0,0.4618388509781281
48,43,Female,,25,15,353.22944977557364,Sports,27,68.0,0.48656111560356635
49,19,Male,50709.861489950235,20,25,314.6024799855048,Clothing,43,71.0,0.24021397610389839
50,37,Male,40993.38063606562,34,9,172.1406149301973,Electronics,59,62.0,0.5682917616038128
51,45,Male,66356.10338403768,26,21,278.7346439353664,Beauty,32,41.0,0.24387763077124333
52,64,Female,47409.66903901832,5,20,295.4353394460105,Electronics,33,95.0,0.4631016211380659
53,24,Female,63897.05642403694,99,19,194.11161315231564,Clothing,28,34.0,0.29032635873855545
54,61,Female,56826.51112578727,61,19,180.35863153218486,Beauty,55,70.0,0.5385193959132504
55,25,Male,59167.5701341497,92,12,386.4011317765624,Beauty,60,45.0,0.5446567461901072
56,64,Female,71121.13295657712,93,5,225.9357350226457,Electronics,70,58.0,0.052450084722650316
57,52,Female,49162.017512229046,9,10,379.19814551289187,Sports,62,51.0,0.5618959987861354
58,31,Male,72777.82091873547,50,17,329.7675004395627,Clothing,34,34.0,0.4953209049122494
59,34,Other,91346.15733277904,6,5,282.63014259002574,Home,56,44.0,0.4747864285876001
60,53,Male,66862.18165903517,83,22,286.20251490875876,Home,13,,0.12054680381131345
61,57,Female,44358.08629455062,60,16,137.9664351735386,Electronics,56,78.0,0.48307152525279895
62,21,Male,190798.5590928163,44,7,266.5419823867533,Clothing,18,70.0,0.5100796408110221
63,19,Other,55034.74198429769,11,28,363.3616330385301,Clothing,54,50.0,0.17349020067249057
64,23,Male,48102.194058608686,66,9,304.5071602548487,Electronics,43,32.0,0.5713560470173942
65,59,Female,40176.393807799,47,3,262.3469349651528,Clothing,39,67.0,0.029916087839498548
66,21,Other,63088.14553923384,73,15,386.9549756653624,Sports,61,3.0,0.0899455519482838
67,46,Female,55576.05336548402,85,16,235.1967421871357,Electronics,42,86.0,0.3225486828309086
68,35,Other,63794.417671161165,88,18,200.43554599826527,Sports,18,86.0,0.3454754826733858
69,43,Other,83727.74824430575,98,14,262.30655328626057,Clothing,23,74.0,0.38709004998054203
70,61,Male,55272.943321512816,86,3,311.31738944892766,Electronics,54,51.0,0.010181477589279874
71,51,Male,36291.59990639378,3,12,112.57647233533913,Clothing,30,,0.5762200647732781
72,27,Female,52022.150154928975,76,9,272.7894914792334,Electronics,58,76.0,0.026752855640486396
73,53,Male,75408.50434233285,92,28,314.8276012429048,Clothing,68,93.0,0.08583717163404143
74,31,Male,73535.4054143391,30,7,228.42866997625111,Sports,67,48.0,0.008408710515634188
75,48,Other,70372.79295227134,90,9,338.5571813042113,Sports,71,17.0,0.3401150599764568
76,32,Male,47505.865536757934,21,13,301.2949329928856,Clothing,18,7.0,0.5593601303525834
77,25,Other,75038.05236065396,28,18,421.3106494808862,Electronics,7,13.0,0.3995682996482785
78,31,Other,79537.98156074132,90,5,189.9517681935028,Home,40,66.0,0.4935944810882564
79,40,Other,46091.56740220048,62,13,316.4567880396871,Sports,70,4.0,0.007968722075148049
80,57,Female,59168.59804914951,33,4,168.61408737620764,Sports,65,10.0,0.32520917908783564
81,38,Female,100408.03927364224,85,2,120.77068389786191,Home,68,88.0,0.2757377865033131
82,33,Female,,35,16,87.15753257457017,Clothing,49,17.0,0.2993807665324758
83,62,Other,25898.266615125503,52,9,293.06592179175414,Electronics,52,52.0,0.04332791120111277
84,35,Female,87658.08868929597,34,9,264.7398331155282,Clothing,29,6.0,0.41066121664158445
85,64,Female,82732.0954340912,41,6,211.6759154110597,Beauty,21,83.0,0.30193224891518067
86,41,Male,50860.6535284515,51,11,108.11965328403096,Sports,9,69.0,0.45908930991675834
87,43,Female,57740.16436263827,47,22,194.76906990890592,Beauty,47,96.0,0.2911743804370292
88,42,Female,35501.298996220954,82,24,250.3274406140365,Sports,42,74.0,0.08962898173585924
89,62,Other,61779.04545219404,58,22,313.45354934344783,Sports,51,9.0,0.3889541724466932
90,58,Other,83318.27430742802,75,1,248.67713998018993,Beauty,56,91.0,0.10343181726309973
91,46,Other,49147.90316483444,57,4,270.1648274164222,Beauty,51,77.0,0.5234367380128889
92,32,Other,77542.03957572585,23,13,219.90940952206913,Clothing,70,83.0,0.3678697434415449
93,62,Other,69274.47714780865,48,23,389.93793620217235,Beauty,20,21.0,0.09432233013417254
94,18,Other,71556.33781762279,22,13,168.54002845374177,Clothing,27,24.0,0.5774028344887241
95,42,Female,50313.81638827264,17,13,194.0609426171898,Clothing,38,4.0,0.3110192780011924
96,24,Other,52907.51634133011,69,2,210.61135408051896,Clothing,65,24.0,0.043739071122993
97,26,Other,23064.55131057197,11,9,293.4163518381379,Sports,54,59.0,0.37609974264904034
98,41,Male,48666.611749797885,94,24,166.89121681704955,Sports,24,99.0,0.15191934420768613
99,18,Female,83269.70916062518,15,8,260.8574872438399,Beauty,47,3.0,0.48221607112638143
100,61,Female,41413.35611795453,91,7,263.1928114741246,Sports,71,68.0,0.4906932441397144
101,25,Female,44393.9669228619,35,4,194.4513623413296,Beauty,63,40.0,0.5873684135127971
102,41,Other,72803.79647414248,33,18,276.3983568765486,Sports,57,48.0,0.3011217186147022
103,28,Other,68055.36583986187,84,3,169.3748881010055,Electronics,55,54.0,0.27297412783664227
104,34,Other,73797.26499592602,16,28,160.6340686030603,Electronics,60,35.0,0.45208536326788834
105,25,Male,36735.58919819192,34,6,257.96846052171526,Beauty,62,95.0,0.07948239380515594
106,52,Other,111281.15898600692,66,12,117.21955316175497,Sports,30,56.0,0.3281493082758745
107,52,Male,35684.93251665499,99,12,78.41578379598097,Sports,22,89.0,0.32774856007851055
108,50,Female,63084.94627468136,40,21,292.62666406374404,Clothing,29,40.0,0.05368387368623233
109,22,Other,56826.89008262827,28,28,333.9175954072936,Home,41,77.0,0.2507904513041481
110,59,Male,36267.16965269905,47,8,212.65575050459768,Beauty,42,68.0,0.5119708791403211
111,56,Male,52595.811543735006,39,22,196.55434783217837,Home,65,46.0,0.5136921731967962
112,58,Other,60466.152017717395,70,22,330.4428180779648,Home,31,78.0,0.0595425989518086
113,45,Female,47000.5357627306,73,1,158.3569425600864,Beauty,30,13.0,0.05443252964869851
114,24,Female,78744.47243069699,20,4,140.93019002230733,Sports,18,27.0,0.15761728620116117
115,26,Female,56767.485090750575,1,21,306.610913896679,Beauty,17,6.0,0.5248596375323961
116,25,Male,33174.50657963427,72,28,250.7230549209846,Home,38,17.0,0.07734155104409936
117,29,Male,31477.48934661406,87,11,335.190139143219,Sports,14,36.0,0.43199808157646774
118,51,Male,72123.30181222913,63,3,78.77872969776166,Electronics,56,99.0,0.06069937176786193
119,50,Male,30264.584345993277,67,13,137.94608071051496,Beauty,22,81.0,0.37388271224869524
120,40,Female,66328.52146098168,4,25,251.14656478753253,Beauty,67,2.0,0.21364037947148687
121,41,Other,68893.10371333918,58,17,283.41389587870293,Sports,56,77.0,0.4733483777795202
122,54,Male,40092.89272151966,25,22,317.7597670151567,Electronics,19,52.0,0.14021426929521816
123,52,Male,77814.76167549781,47,22,263.98542150470223,Electronics,57,66.0,0.3835210976339759
124,61,Female,25644.127524767355,38,10,263.1724124286855,Sports,44,52.0,0.14140952074553095
125,57,Other,,15,21,218.84787655758413,Clothing,35,92.0,0.42819616986729225
126,39,Other,59182.84132807983,63,12,377.27239239236144,Beauty,1,43.0,0.5242068207364492
127,44,Female,57620.040485382124,21,15,161.75812356236017,Beauty,52,90.0,0.07608107947605602
128,52,Female,36442.06714038855,99,21,278.7216122044751,Home,70,22.0,0.519957413157302
129,18,Other,41259.55991200148,57,10,170.97529323295842,Sports,37,55.0,0.35614515264857877
130,52,Male,92376.04050041195,53,14,292.7822836644008,Home,65,67.0,0.07626629452021438
131,54,Other,84303.10017743507,46,13,167.0385944489787,Home,51,99.0,0.2565251132158272
132,64,Female,74841.69177047597,14,5,309.50525588003666,Electronics,1,60.0,0.09651617609105874
133,31,Male,78796.96207059376,76,6,258.96839574596135,Beauty,21,58.0,0.4202087333199417
134,20,Male,76920.27089342538,17,24,389.57113386069454,Home,53,12.0,0.45532088065076975
135,18,Female,53532.875754275825,39,2,227.51842821827316,Electronics,16,88.0,0.06347791216367937
136,22,Female,60952.07103628702,9,22,283.99728929980364,Sports,61,69.0,0.3036839116167866
137,43,Female,30549.832439179823,99,17,187.62749756314324,Home,54,84.0,0.4887750336155503
138,31,Other,58206.08746384948,77,4,226.96855948469644,Beauty,40,39.0,0.5616978249305978
139,56,Other,83668.28499078374,79,14,258.4599583555482,Home,26,13.0,0.308110720045062
140,44,Male,46785.85503485729,82,10,127.82240620229007,Sports,65,41.0,0.5701675341668442
141,26,Female,80462.82409374452,97,3,136.59008526521825,Home,64,57.0,0.3214133822736179
142,32,Male,61831.71477387526,6,25,297.9887439868516,Beauty,43,53.0,0.23651429675994476
143,32,Male,32292.562686605354,91,3,238.31305427746562,Electronics,17,12.0,0.5089218771317373
144,43,Male,37853.60973307377,23,15,202.56587735615824,Beauty,59,13.0,0.29578962627485345
145,59,Male,78386.0573941551,59,6,191.04110556665955,Electronics,23,74.0,0.2831415063387138
146,30,Female,,91,17,194.12089634210452,Clothing,7,97.0,0.29418749364589697
147,49,Male,62035.28145975251,98,12,259.0040572006583,Beauty,44,57.0,0.5080710011218472
148,56,Female,54519.36371504109,46,22,285.6028691292952,Beauty,53,40.0,0.4991649250128313
149,49,Female,64211.35955257171,38,20,82.63142162998207,Sports,71,80.0,0.2421119954641267
150,21,Other,,14,24,363.02672454159136,Home,34,45.0,0.199979915922315
151,47,Female,89517.0656097457,72,29,357.3360610353594,Electronics,46,35.0,0.2951568144234776
152,54,Other,90473.68398881209,62,11,63.54761891624804,Electronics,68,3.0,0.3436635058422654
153,40,Female,67439.19801516997,35,25,336.8741357058238,Sports,16,5.0,0.14300232637679816
154,56,Female,56561.36619270959,19,4,334.4175081064834,Sports,71,90.0,0.4763730508293543
155,62,Female,62924.960156377114,30,26,250.0356395350036,Home,19,11.0,0.2918896594394537
156,32,Other,70442.40714510159,78,28,146.2265102492099,Home,2,71.0,0.20042732905197574
157,60,Other,70361.33887690183,84,26,331.2182473332058,Beauty,10,56.0,0.06409259577839437
158,46,Male,86159.7327428021,25,6,230.7015146962119,Clothing,50,10.0,0.14330709624216414
159,53,Other,102315.1144383331,40,1,293.9103075055165,Home,12,34.0,0.5695687030535902
160,30,Other,55894.907407718274,88,20,427.5361017569423,Sports,70,67.0,0.18305981209171596
161,49,Other,103117.69817648924,14,23,270.1469400498895,Home,22,72.0,0.10131557362022119
162,24,Other,83444.78493516787,26,28,176.64922466251505,Electronics,32,,0.2764036749929959
163,39,Male,57983.54019629584,87,16,223.14152040642227,Clothing,1,75.0,0.1842526460161492
164,45,Other,359885.1871092064,22,15,186.844371180721,Beauty,54,71.0,0.02109555016271649
165,19,Female,,48,17,284.6791773958818,Electronics,58,66.0,0.19388713036765035
166,59,Female,50794.09111612306,83,8,185.51459530001563,Electronics,70,70.0,0.3264651743636811
167,62,Other,,51,28,212.17188621202854,Clothing,18,41.0,0.33102742321198014
168,23,Other,81501.65642071927,3,26,147.24557004739202,Beauty,6,63.0,0.2139353527061332
169,45,Female,429484.7302383354,42,12,239.43303955846855,Sports,45,32.0,0.26838165375156037
170,45,Female,51519.22836001002,19,27,264.14038346416396,Beauty,23,20.0,0.5793107509408598
171,61,Male,52931.465125280076,73,22,35.216956230600616,Home,23,57.0,0.22640908633818696
172,61,Female,19466.757405133198,28,21,270.76588491841767,Electronics,26,98.0,0.1549360879559898
173,37,Female,71423.87841135924,84,10,246.34398151225764,Home,7,50.0,0.14608022644005605
174,47,Other,67505.02511237437,45,27,188.8006440995098,Sports,44,80.0,0.2746587676224805
175,28,Female,48740.126569286665,71,15,412.29031394158983,Home,27,25.0,0.45571208923016643
176,45,Male,58362.98537023884,78,9,326.6781222083804,Beauty,26,,0.12359291051308391
177,42,Female,33775.579796497695,63,2,162.2878011078879,Home,36,71.0,0.4255776762844608
178,56,Other,83968.89905663372,73,5,317.0589503656912,Sports,55,39.0,0.01268989400964977
179,50,Other,50206.0105094338,19,6,349.5598460816846,Sports,64,17.0,0.2513597867903676
180,18,Female,121880.98031241902,47,7,260.56167380940457,Sports,57,45.0,0.4655190391216721
181,44,Other,56487.97398577935,14,21,278.915362955786,Beauty,69,11.0,0.20323977346465885
182,30,Male,44807.6231790338,38,25,277.06773335372725,Sports,61,70.0,0.3382422608672397
183,58,Male,51753.73762530276,53,1,83.13473128613691,Electronics,2,23.0,0.12298753969554647
184,20,Female,31760.780469114976,61,23,235.05043225196806,Sports,55,91.0,0.4451972346757034
185,56,Female,69645.43781405884,36,26,230.8869726412777,Home,38,70.0,0.03136746196125577
186,23,Female,51602.006004417555,40,7,364.4124509247903,Home,29,38.0,0.5115255869253001
187,25,Other,82625.05580795476,81,20,276.69822908494984,Home,26,2.0,0.11891783185300088
188,44,Male,54505.05009651165,30,25,226.19112303066441,Beauty,35,86.0,0.5246388190249984
189,26,Male,87688.84223371293,9,12,242.7900207207191,Home,67,84.0,0.2115175447803104
190,54,Other,75149.11498634082,64,16,331.8708465301921,Beauty,29,89.0,0.43361014468469194
191,50,Male,60571.93553436688,33,16,235.23322694037475,Beauty,34,,0.19153517867171307
192,59,Female,,52,11,194.14435735267128,Sports,41,93.0,0.5435470027407885
193,61,Female,79045.86922074419,89,21,227.94382456633068,Electronics,41,72.0,0.07598227531102461
194,41,Female,118924.2565332645,14,4,325.2556915058146,Sports,23,37.0,0.10711187356355922
195,32,Male,51810.89510043591,75,13,289.6931924478349,Sports,71,49.0,0.29581807509528135
196,49,Female,61532.32210916921,53,7,253.54143786792912,Beauty,3,52.0,0.049163063422887676
197,49,Other,91374.1802202186,99,4,265.32314395558643,Beauty,58,33.0,0.11758811082105715
198,41,Other,29129.243763297753,59,15,205.22060211236143,Home,32,22.0,0.5662598293272086
199,58,Male,86338.87126465124,78,19,234.48404796458772,Home,31,5.0,0.5858937966887323
200,29,Other,68786.05515362942,94,9,196.93565425803862,Sports,43,18.0,0.22575559759825314
201,56,Other,42235.784891055046,41,11,226.4176572560205,Clothing,7,,0.5539716126083614
202,19,Male,,68,8,357.69426109013,Clothing,1,37.0,0.326894805404059
203,20,Female,46550.21053739432,68,1,163.77025508982481,Home,61,94.0,0.16184547952426023
204,54,Female,14303.60855348856,92,23,194.9025866861668,Clothing,14,95.0,0.4214392326483592
205,34,Female,50209.211126169925,8,25,149.65609096513984,Home,52,64.0,0.3953410839449143
206,19,Male,72451.12666685163,2,24,132.32729942499213,Beauty,6,10.0,0.59347519146524
207,19,Other,50473.987180623444,86,8,235.05824686437668,Sports,10,79.0,0.15902837244556997
208,45,Female,87766.25402867617,41,13,601.7737963678113,Electronics,71,42.0,0.40323570159704125
209,40,Female,93198.95205450576,55,22,390.9351144633754,Sports,30,48.0,0.031214253017668135
210,54,Male,85512.88965251549,16,27,227.37227630577652,Home,21,44.0,0.06818762321803164
211,49,Female,,93,4,353.15174907440195,Home,60,82.0,0.0023510249706559573
212,50,Male,13506.414550270618,62,8,327.4405179952507,Sports,63,87.0,0.5996764086358038
213,18,Other,45926.050159347884,48,3,233.28366758207886,Home,42,97.0,0.48136421828848663
214,36,Male,,30,29,418.8108465668498,Clothing,51,16.0,0.47203380884012447
215,19,Male,42122.64700990378,12,9,271.4827189171847,Clothing,64,,0.3058356451729078
216,61,Male,57209.890490268575,35,29,371.04074128031914,Home,56,35.0,0.18004024974326396
217,43,Male,92201.34937386759,11,2,361.7277513265011,Home,41,98.0,0.09075857067760555
218,49,Other,27084.469409693636,64,2,283.17183880838263,Clothing,32,28.0,0.17080484330787818
219,23,Other,96233.84112238053,50,28,310.090467824468,Home,15,2.0,0.22558273315748345
220,49,Female,77694.52843508274,85,13,299.92571320955807,Home,62,94.0,0.4537860581881764
221,21,Other,65364.33616555391,21,15,158.45908548866336,Sports,27,13.0,0.32379707334189145
222,28,Other,45727.66888518472,69,28,254.5832283562413,Electronics,28,41.0,0.046490175933289614
223,34,Female,42520.99309017149,48,23,335.9397787155728,Clothing,64,80.0,0.010817405375347344
224,55,Other,27475.645708225205,20,12,372.09490538893294,Sports,59,59.0,0.06139930772043789
225,41,Male,94335.30960628773,67,26,192.34882625344403,Electronics,58,,0.2462992282184276
226,22,Male,90752.23120148083,44,4,292.3065041450416,Home,2,92.0,0.559915750229411
227,51,Female,31874.307428334356,33,26,262.0696170622028,Home,36,53.0,0.38244148872553296
228,23,Female,48947.440101875975,73,8,240.57007483347235,Sports,71,45.0,0.48109553992530907
229,39,Female,68662.89538463818,61,9,278.4802103380021,Home,13,20.0,0.2798247567027291
230,28,Male,54009.81723655584,9,23,267.439792853291,Beauty,15,24.0,0.21699964991702567
231,33,Other,21626.504859363646,68,5,293.31260550980704,Sports,60,61.0,0.06504022362997364
232,50,Male,46844.54478888623,35,24,365.3373408760042,Electronics,22,91.0,0.525559813311723
233,26,Female,99020.68596040037,81,20,312.73020726917605,Sports,63,94.0,0.4698960174167417
234,23,Other,48200.428191711115,98,18,274.84730070981624,Clothing,25,58.0,0.10087085855863506
235,33,Other,56730.65326595586,88,11,399.1700045458463,Sports,48,27.0,0.3073563383257563
236,46,Male,37096.45151929238,96,15,338.7943676704269,Home,43,,0.2924248847527469
237,20,Female,71755.25970567497,65,28,242.60812491173212,Home,38,7.0,0.37505493161191716
238,37,Male,62303.03598049167,8,22,152.6303678117676,Beauty,41,42.0,0.5677121363947567
239,53,Other,,45,9,170.97354552636278,Beauty,45,47.0,0.34786286505748776
240,36,Male,33906.892083851504,87,17,324.65859586525073,Beauty,40,53.0,0.32413036006717116
241,43,Male,88090.86748021751,47,27,199.57500165976148,Electronics,17,59.0,0.030193759760798366
242,20,Female,27889.131867178396,40,26,169.35556183104416,Beauty,57,38.0,0.03774448561081436
243,36,Female,70076.3139117911,76,12,189.35317386502405,Electronics,2,69.0,0.11240807479607333
244,37,Other,16922.415105768538,54,7,195.009255032744,Beauty,62,87.0,0.019482463015048967
245,49,Male,74144.23366024764,76,10,318.0518134225801,Electronics,9,92.0,0.44601173734200744
246,24,Male,79405.97774520122,46,25,237.46063393741792,Sports,68,98.0,0.4339981823963779
247,58,Male,81895.67423279826,47,26,140.21003197604753,Sports,17,53.0,0.08163374065898577
248,50,Other,56775.830628602635,15,25,252.48359182098852,Home,50,15.0,0.5016473404771685
249,57,Other,91680.07211127391,19,10,267.78129059585933,Electronics,40,96.0,0.09287162090766718
250,56,Female,106155.83389992136,26,27,211.65305108473186,Clothing,58,26.0,0.18070535219841527
251,35,Female,53567.53727908074,52,13,342.470806735416,Home,21,48.0,0.149386139496819
252,57,Female,50979.899397401445,93,19,216.32488914461723,Sports,18,95.0,0.22338425914382867
253,18,Male,62983.54520689871,22,11,338.667014930972,Electronics,55,19.0,0.1527982595339771
254,28,Male,50446.397082115865,21,13,297.74262237399813,Beauty,29,9.0,0.2933705558630712
255,45,Female,47522.596079797586,51,21,324.12844064355255,Clothing,24,64.0,0.24444472881281123
256,42,Male,49265.229195169806,38,8,162.1159327354884,Sports,17,93.0,0.5919416944675959
257,40,Female,94315.1201601249,20,8,257.8648153790482,Home,18,54.0,0.0335558100769354
258,48,Other,75437.63990070864,29,4,245.7737596340185,Electronics,42,51.0,0.08530882583241096
259,47,Female,50381.07745483818,51,15,136.23947800739734,Clothing,45,39.0,0.031695536345161486
260,59,Other,10897.499485554292,4,28,338.40485838423274,Electronics,17,4.0,0.37550471698942545
261,52,Male,29110.71012787065,55,11,184.60792824741202,Beauty,14,3.0,0.03270556644823175
262,24,Female,70068.58165203755,71,11,201.23457369312138,Home,49,64.0,0.501863842425674
263,33,Male,17568.881172223653,92,1,168.93473315218193,Electronics,29,29.0,0.3071631784091567
264,43,Other,65859.87054903911,28,17,306.0949060856299,Sports,4,11.0,0.3162045747489202
265,19,Other,38688.72550269949,4,15,127.92562249819234,Home,20,97.0,0.33695670462731653
266,18,Other,61836.11549161347,22,20,299.42998403716547,Sports,47,58.0,0.10248822378372643
267,29,Male,61277.12602668286,76,6,333.56111889947687,Electronics,9,75.0,0.11861418186869252
268,22,Male,62411.79867781423,45,24,292.97427421006086,Home,27,27.0,0.1912903937238028
269,54,Male,52111.56305842959,67,22,307.01027870771435,Sports,15,97.0,0.35609784949311085
270,49,Male,51454.28748784535,86,28,310.76371756624343,Beauty,19,21.0,0.12607066556412871
271,26,Other,45584.191621271224,66,25,174.04605386193887,Beauty,52,39.0,0.06979903627995673
272,58,Other,69677.8463448378,88,15,364.7787983731475,Electronics,26,95.0,0.5820701318510593
273,52,Female,76103.85349561897,34,9,213.1938996693201,Home,26,46.0,0.013189088885773748
274,36,Female,35620.54954927747,91,14,244.68899059280224,Clothing,26,66.0,0.48161844320161296
275,33,Male,58967.43055415461,55,18,223.3890145319233,Home,46,91.0,0.47282108974501325
276,20,Other,63931.64146975476,1,26,289.3233696701847,Beauty,49,36.0,0.1783284683070576
277,37,Other,63675.422692460845,72,17,206.95702054900622,Sports,53,75.0,0.08137596960438805
278,41,Other,63335.392391930356,87,18,255.3532579389895,Clothing,3,82.0,0.08737718802325405
279,50,Female,51959.30379309552,38,5,151.1724946283196,Electronics,66,65.0,0.4184589703423155
280,41,Female,65580.60850925079,6,20,343.17321668012573,Clothing,42,63.0,0.3856839546517042
281,28,Other,72360.5742196724,86,20,303.65927567601625,Electronics,19,,0.46964740455083204
282,25,Other,62820.73311645128,25,9,226.61921904785845,Clothing,17,35.0,0.5624887034394628
283,53,Other,70118.79673067448,82,11,212.46807759793518,Electronics,33,31.0,0.41515641795995517
284,55,Female,79807.06822075014,17,24,301.5702597054157,Electronics,49,28.0,0.09351092193086608
285,57,Other,22981.192842094642,61,22,193.41652954912306,Clothing,56,1.0,0.1460655700592464
286,37,Other,78869.27683730735,12,1,260.0292252612135,Clothing,63,25.0,0.5053162385238688
287,52,Male,267394.22121770197,6,18,342.9119029945125,Electronics,3,43.0,0.12558364550052514
288,42,Male,37767.49344522547,90,6,185.09943046902458,Beauty,49,84.0,0.04351339017268885
289,52,Female,76049.41764639378,27,27,279.48806632961623,Clothing,55,67.0,0.42196803242535025
290,42,Other,52033.58187952077,8,2,275.2580213548394,Home,26,63.0,0.24151581329408522
291,46,Other,54760.67127362894,83,15,242.21305450698537,Sports,52,51.0,0.5520240315275421
292,35,Male,49846.40435068675,65,29,209.69683327168505,Electronics,7,2.0,0.39015304265619694
293,63,Female,66047.97688476449,57,26,347.1837645515508,Electronics,46,82.0,0.054251386674996446
294,35,Male,44292.93714975894,93,21,202.1945091386427,Sports,46,64.0,0.5687139403521965
295,19,Male,78029.49259895572,99,14,105.0368879096304,Beauty,16,74.0,0.15513435818414753
296,52,Male,57222.74825610657,40,5,301.2426873304827,Sports,24,69.0,0.20232749424377144
297,33,Male,52715.95033024125,14,6,153.89573201857328,Clothing,61,9.0,0.24135624821012522
298,58,Other,75057.5135522794,35,6,305.35049158840695,Sports,54,2.0,0.03073457784258795
299,53,Other,,48,22,356.7922598274755,Electronics,62,34.0,0.2979092533383629
300,50,Male,78963.53650724603,84,18,300.3799902718939,Sports,1,60.0,0.07399109464517535
301,21,Female,79591.85901681731,56,14,335.7129041509993,Home,49,61.0,0.24058219601301103
302,50,Female,33303.92323562046,49,10,411.60392855437175,Clothing,25,31.0,0.21042587279525057
303,31,Female,82185.20404445847,13,14,327.3408370087157,Sports,10,10.0,0.463704050055902
304,38,Female,30759.280569962288,61,13,276.44587141003484,Electronics,16,76.0,0.48190230697963865
305,37,Male,83431.61053765021,49,3,380.71585468189187,Clothing,58,36.0,0.09204772943345281
306,25,Other,100567.14384460478,46,6,390.3820435877268,Electronics,29,85.0,0.21993071242753573
307,24,Female,77496.68876538263,62,29,391.5017426607536,Beauty,6,49.0,0.224011896619099
308,20,Male,16860.38710600654,8,8,210.6285187843198,Home,16,70.0,0.09084626636165102
309,34,Female,81271.31438772037,43,12,141.6785313201277,Beauty,20,49.0,0.4790721030307143
310,50,Female,104922.57931872024,20,13,205.74462532520906,Home,71,3.0,0.42433699700125393
311,29,Male,53939.367180039415,97,11,306.29132926345403,Sports,43,74.0,0.11422907177822084
312,39,Other,59305.9335994022,90,12,262.73271562656845,Clothing,26,5.0,0.22003314515627942
313,39,Other,36230.26556147136,39,1,233.48152118585224,Sports,71,90.0,0.06348301491390852
314,63,Male,66241.58837639338,85,17,294.8385119043948,Home,33,61.0,0.37692395825582636
315,47,Other,85383.54365086259,49,16,132.33559346613862,Home,26,85.0,0.0728231547291718
316,55,Male,73954.74256298908,64,11,261.2935438953233,Home,45,90.0,0.5915605011749506
317,55,Male,122839.33954575597,62,13,339.4766115878302,Electronics,63,26.0,0.4684092448127174
318,62,Male,60660.540859315945,54,18,293.9452515646583,Clothing,67,72.0,0.23414312975039703
319,25,Other,27386.532651694713,9,11,305.3447857466983,Sports,52,5.0,0.34713835936761267
320,44,Male,63419.41943136438,88,28,377.78982319620116,Sports,68,,0.5468050897298452
321,44,Female,11670.964695750206,37,12,244.70853721010664,Beauty,26,16.0,0.3324595682374957
322,51,Other,49337.92150270973,49,6,197.75266709197308,Home,2,1.0,0.1046990918387731
323,38,Other,92487.64117200424,41,9,345.16120341320334,Home,14,16.0,0.22722201334869557
324,47,Other,66502.67297263542,17,16,343.68965048271417,Home,30,37.0,0.5058869190178472
325,50,Other,63588.33625662538,88,4,294.66333398046373,Sports,49,3.0,0.3865278095937707
326,45,Female,96415.60753430713,21,3,237.17031995340415,Beauty,12,52.0,0.39043463060028016
327,64,Other,54588.0021667326,51,28,250.1103720806388,Electronics,44,47.0,0.5200928914130934
328,50,Other,,59,16,147.85816382951307,Clothing,33,95.0,0.5363838344775028
329,22,Male,62586.139503326805,39,24,339.0357224165762,Electronics,13,13.0,0.5518755430676617
330,36,Other,67600.94926918052,55,27,336.2121047623315,Sports,26,80.0,0.05690951595189366
331,21,Female,35653.90288273974,41,26,145.0653799626573,Home,21,55.0,0.3264756011778605
332,52,Female,50359.06410343566,39,25,319.4105667124909,Clothing,28,21.0,0.4443057127309911
333,34,Female,32049.63534312253,13,12,282.3281324007207,Sports,48,66.0,0.45415610707620824
334,61,Female,58095.0984354931,64,11,168.24207116873626,Sports,40,54.0,0.36402972118200233
335,45,Other,67808.04687832533,11,5,153.51998391420244,Sports,66,27.0,0.1000724011102045
336,47,Other,37799.237898170955,19,25,279.8794615521378,Clothing,23,38.0,0.47845233236499857
337,46,Female,,11,18,218.18367088744657,Clothing,48,90.0,0.4320668001089674
338,63,Female,65562.12038183921,77,19,395.5959080439736,Beauty,2,58.0,0.05168146292942177
339,23,Other,61155.911711704386,46,23,326.2078715719125,Beauty,20,62.0,0.27828589480462573
340,52,Female,75393.1550269125,45,23,287.8954509385782,Electronics,59,46.0,0.10438643971308215
341,58,Male,43421.43838268156,1,6,291.8463203201915,Clothing,46,89.0,0.20248622742778313
342,54,Female,63269.549583349064,40,22,356.46937442937343,Clothing,3,11.0,0.01084865532341126
343,41,Female,45662.67559284818,19,18,317.72144733818703,Clothing,55,72.0,0.24019792104645493
344,46,Male,91173.59820177965,76,26,289.9813150796818,Beauty,12,8.0,0.32992615269372627
345,63,Male,38827.213012058375,72,6,171.5791058961992,Sports,40,97.0,0.37174955569625207
346,48,Other,61263.30918614347,72,4,494.9557572324975,Home,66,71.0,0.39809420707722604
347,52,Other,66586.3157030355,61,12,161.74537941534135,Beauty,16,64.0,0.501774787861476
348,50,Male,67896.51488815402,12,19,224.99658103198684,Clothing,34,21.0,0.129277744365438
349,38,Male,193501.18615337342,61,29,117.6217378872002,Beauty,44,72.0,0.07228909346308077
350,49,Other,42089.81195709804,33,27,293.103852701541,Electronics,6,63.0,0.5109223031387554
351,40,Female,48664.09653907802,45,29,262.0888349827846,Clothing,64,85.0,0.09396768893558993
352,50,Male,70566.50868420565,90,2,311.2221150691808,Electronics,22,64.0,0.5848560488017172
353,20,Other,57123.084581760726,92,17,110.87474951164529,Clothing,18,20.0,0.5055229376391822
354,35,Female,75924.17616905044,69,11,339.03245339047453,Beauty,12,8.0,0.3005259635337595
355,42,Male,69540.07438790146,8,11,185.40516788243085,Sports,52,58.0,0.5888528549532152
356,59,Female,14461.746038007854,25,21,238.07958405089076,Home,51,46.0,0.05842603746480252
357,48,Other,64949.95593674422,91,16,324.5257014944852,Electronics,71,31.0,0.181839456705061
358,20,Male,105009.0953563254,46,2,270.901334730552,Beauty,48,93.0,0.38293464902436686
359,57,Female,86505.38102076662,87,2,276.55540453334913,Sports,19,9.0,0.21000412108390723
360,63,Male,68440.26321413937,30,23,313.93430559243194,Beauty,6,15.0,0.557023531188475
361,41,Female,38812.157390601125,47,8,284.30325119509797,Electronics,27,94.0,0.03937565290669054
362,49,Other,69551.07432251293,87,13,222.71136779610262,Home,53,26.0,0.3296470992365787
363,64,Other,,49,10,236.68246974118168,Beauty,48,10.0,0.3545197604370687
364,39,Male,54925.06638344832,47,8,266.9502942921458,Clothing,7,29.0,0.3916368742663345
365,40,Female,66334.84117608875,84,4,178.3555125162932,Sports,59,80.0,0.15339973399908866
366,19,Male,90193.2491679208,82,15,329.6806927510936,Beauty,69,36.0,0.21873985651191866
367,44,Male,42854.511605165484,18,1,273.0923144645987,Sports,11,84.0,0.5062083177989866
368,59,Female,38834.007900817465,66,11,255.9821014337575,Clothing,15,37.0,0.1169656613820959
369,19,Female,73853.98651988426,68,7,345.39972472251765,Home,64,86.0,0.4961207083040172
370,43,Female,69150.85272396161,94,17,240.39090854309043,Home,3,71.0,0.33759325374164545
371,34,Other,,33,27,235.40632022780665,Clothing,69,23.0,0.45731250671644924
372,57,Male,71395.87623807539,36,20,211.22969887968284,Sports,23,41.0,0.4281644197580829
373,50,Male,48644.89873651612,82,24,277.4453607140748,Beauty,53,93.0,0.1245068972309274
374,26,Other,68643.8530293081,19,18,274.67600866652117,Clothing,37,80.0,0.34128764186032373
375,60,Female,37157.46913407653,28,22,196.69726395920748,Electronics,9,28.0,0.5206338916830554
376,56,Other,54993.625765340126,40,29,235.784481830928,Sports,15,48.0,0.2592697420811576
377,46,Other,70055.98461932808,84,22,197.23181851846135,Home,3,38.0,0.57995446213399
378,59,Other,52789.715665522206,97,12,193.61052369476076,Clothing,70,31.0,0.2713290600610308
379,43,Male,109361.04364459653,76,9,111.60817346185225,Home,17,14.0,0.08567138200073081
380,52,Other,22156.315023526662,15,5,231.52717970547556,Sports,26,97.0,0.23366080804660394
381,42,Male,,41,10,113.82293871359909,Home,21,73.0,0.5710214438343223
382,41,Male,41244.40332260179,39,4,212.9747450928391,Clothing,21,91.0,0.19183250960391254
383,30,Male,45993.02385084093,2,5,200.9844283297913,Sports,11,88.0,0.5208588959202377
384,24,Female,47140.03553038243,63,28,334.15160458124836,Electronics,38,77.0,0.5287504090091338
385,53,Male,33471.586262820136,29,28,168.80521549522865,Clothing,35,90.0,0.21011191459917664
386,62,Male,75054.04297145255,74,10,189.10508921484197,Beauty,14,29.0,0.04995459483037927
387,37,Female,49058.09405225797,66,11,219.4780688646742,Clothing,14,51.0,0.43473474549529095
388,18,Male,63271.46671177309,51,21,203.58850787977792,Sports,10,49.0,0.1869073794083916
389,25,Other,51303.4847617951,75,24,359.5403837937501,Clothing,12,43.0,0.46975416855454344
390,63,Other,46182.391754275806,77,10,158.91461015603045,Electronics,38,92.0,0.26559290895625987
391,33,Male,93445.58472173699,10,28,219.64764008113264,Electronics,34,92.0,0.29116004540557294
392,31,Female,78458.64364418815,14,8,276.56521993315255,Beauty,41,72.0,0.46674564404912205
393,29,Other,22635.992000897102,82,2,320.4946674433605,Home,10,,0.22941799863697673
394,40,Female,20517.251033282264,51,23,219.58067552558373,Sports,17,,0.2658764071937487
395,32,Female,80852.17671272974,73,8,96.5520319596966,Sports,17,5.0,0.2257142812617733
396,45,Other,49602.93216902492,39,16,237.99166227315962,Home,67,42.0,0.22040430916636797
397,51,Female,27018.353321315546,28,27,358.1622780944572,Electronics,62,7.0,0.31556794614087563
398,19,Other,80914.70265080682,3,22,272.57499259443415,Electronics,1,42.0,0.4852796667006904
399,49,Female,63382.4810019818,84,5,268.91342898879464,Clothing,12,36.0,0.21706098715353953
400,40,Other,65031.421696646394,70,27,164.95856067384028,Beauty,4,27.0,0.31455283232264203
401,39,Male,76190.78544011815,27,25,156.74627277690684,Beauty,42,58.0,0.40243639526556046
402,42,Other,33800.45683435213,2,29,251.44333189072793,Beauty,13,,0.16166366778219302
403,39,Other,27369.983572316716,93,3,135.88968621748737,Clothing,4,66.0,0.16651368294143554
404,39,Other,91619.08589806403,38,12,312.5089777890008,Beauty,69,25.0,0.5600478762140728
405,59,Other,31256.664785154153,3,13,182.268300090691,Home,19,73.0,0.43412074399865314
406,23,Female,35555.24405848872,16,13,248.0274175414805,Clothing,2,27.0,0.3463120057339853
407,32,Male,39551.29240908468,94,10,99.13864649966064,Home,12,1.0,0.3886320326523672
408,60,Other,101598.91847381044,40,4,218.49585052451945,Clothing,6,87.0,0.01757966586205102
409,54,Female,69867.66600823044,2,9,155.13115622958375,Beauty,8,74.0,0.3708617793370181
410,50,Male,79308.1594887076,81,22,64.24348661265515,Home,51,42.0,0.30570532393452116
411,25,Male,63923.35091157457,41,24,293.3473671469054,Home,11,52.0,0.32744980786766137
412,61,Male,47962.255775975325,12,23,381.2927631273259,Home,63,25.0,0.21565429609849024
413,61,Male,72625.82566520336,35,27,340.3578871475157,Clothing,57,54.0,0.04888433862776513
414,22,Other,28867.68058406393,65,2,304.53525519230436,Sports,12,67.0,0.1160035401672313
415,56,Other,38094.33095807011,55,19,216.87030656435635,Beauty,2,6.0,0.570446827927603
416,21,Female,74659.50358522961,45,1,314.4712182838261,Home,8,58.0,0.24521973736256036
417,23,Female,32854.8953834644,79,25,347.90825588589826,Sports,11,70.0,0.2800098934985185
418,62,Female,56218.370616762535,90,29,260.94574637370346,Beauty,53,53.0,0.031625873912063396
419,49,Male,57129.75311289176,85,7,155.2511862150382,Beauty,10,66.0,0.022539737726388353
420,47,Male,197707.03973302702,62,17,210.0492561126903,Home,8,58.0,0.4303088682280546
421,64,Other,20977.630503022858,49,3,386.2157190678349,Home,36,82.0,0.32285679847266674
422,52,Male,47421.42217622615,95,20,244.0204665479867,Clothing,14,87.0,0.30522359052976
423,57,Male,43500.63246135029,25,20,-15.980457592887696,Sports,54,2.0,0.1458747182536012
424,33,Male,63228.79726575397,23,21,132.4861229063845,Sports,21,76.0,0.44685043897795335
425,30,Female,62209.810773989375,24,3,216.0441037486015,Home,50,22.0,0.10094194746509512
426,59,Female,67559.22919873748,38,3,332.8660190734054,Beauty,39,37.0,0.11396084619661201
427,47,Other,46480.27454051205,28,17,228.15021180744705,Home,20,20.0,0.27642730280896527
428,36,Male,70455.55900931783,21,7,334.3545323978608,Beauty,7,24.0,0.17176791726716453
429,34,Male,28879.865344526337,54,27,207.90701171620086,Beauty,9,84.0,0.14847778873988782
430,36,Other,23561.905346952917,18,26,92.85659822115095,Home,1,65.0,0.38714258673199897
431,45,Male,13288.54551666744,36,14,210.67510731215324,Electronics,26,65.0,0.3905830471311267
432,43,Male,50014.05520856006,99,17,277.5956001237028,Sports,38,81.0,0.4947102418799575
433,54,Female,44934.035513228846,45,18,270.9560279473051,Beauty,38,1.0,0.2506251401837855
434,43,Other,75786.312237092,73,13,149.59138005946915,Beauty,61,94.0,0.043851054615690145
435,40,Other,47026.7482590226,53,20,221.90430385569877,Electronics,44,3.0,0.1641998309528746
436,26,Other,65467.52695888535,30,29,464.7739390451259,Clothing,44,46.0,0.5880032779180902
437,29,Other,76265.93153166154,60,20,151.33849389624987,Electronics,62,55.0,0.35775514513962126
438,18,Female,46273.61848701769,98,21,302.8578715570999,Electronics,6,75.0,0.42584225088061217
439,18,Female,65961.04420214352,32,27,82.26594411441636,Beauty,17,88.0,0.0044146977752487215
440,64,Male,80038.5509791039,67,18,319.10334596557294,Sports,51,86.0,0.3109234393095125
441,51,Male,35236.74450388866,67,4,178.61396878492425,Electronics,38,,0.022517194519081872
442,49,Male,241988.18705957153,28,1,282.1670606562352,Clothing,24,45.0,0.34153812725486876
443,42,Male,46359.31233601371,44,18,146.6779518585439,Home,51,26.0,0.5524625097816452
444,57,Female,36510.20235013723,79,1,273.2682240141366,Electronics,10,77.0,0.5810514783002447
445,62,Other,29270.96519019542,41,26,177.30797634068495,Electronics,21,65.0,0.32433160523335447
446,18,Female,36187.02855642599,63,26,578.3884360880099,Clothing,70,24.0,0.27492288315132957
447,33,Male,61200.58011504025,23,13,285.3588805116025,Sports,57,74.0,0.5670102565490964
448,56,Female,27783.110888765066,75,20,215.5691618882387,Electronics,39,35.0,0.40416589919801704
449,22,Other,48985.45951822725,48,20,280.4305158573049,Electronics,33,24.0,0.03893956772304567
450,39,Other,76263.88813705795,32,23,234.73269450853192,Sports,59,28.0,0.2794353466004985
451,46,Female,68980.21926837871,57,10,255.399494499782,Clothing,18,80.0,0.14414701107858233
452,20,Female,49389.84754123686,33,27,285.60691770827214,Electronics,56,16.0,0.2818825928692089
453,29,Female,,24,11,221.99852363270873,Sports,57,59.0,0.273279343203817
454,43,Male,97860.72827823322,39,9,170.3160171198581,Electronics,48,81.0,0.3492868816888452
455,33,Female,60522.44863079451,34,9,207.4150187256168,Home,42,54.0,0.21406229420955072
456,54,Female,10629.141682313828,56,5,345.6111343866749,Beauty,27,79.0,0.09856226967355683
457,39,Female,77728.9639403252,28,26,259.293846726124,Home,52,16.0,0.30223166075397373
458,46,Other,14120.47319932829,37,1,182.40812372716212,Electronics,42,15.0,0.49812173060745724
459,31,Other,89522.92221440132,7,17,282.1248486710175,Clothing,32,98.0,0.39840733684056134
460,45,Male,81671.69801484598,68,22,287.46524679513107,Beauty,26,11.0,0.2030207195551295
461,22,Male,95484.25008276041,37,2,291.59992606382485,Home,25,65.0,0.5613138136553143
462,64,Other,65205.311167354535,56,24,171.77302397029715,Sports,23,79.0,0.5473245427495093
463,47,Other,52772.28465636324,65,13,195.4087204571284,Clothing,57,90.0,0.12560903963045925
464,63,Other,,65,9,195.85366268903906,Home,52,68.0,0.023650551072217783
465,22,Female,49074.796579382055,47,29,221.14816703470467,Sports,31,43.0,0.4447852250104573
466,29,Female,79621.37307349406,20,4,293.11353481149877,Electronics,64,69.0,0.49656615680949195
467,33,Other,74245.42979011756,19,5,273.6947843784811,Sports,71,,0.5807187395708131
468,43,Female,62404.51266868426,29,11,280.017356572573,Home,33,13.0,0.5339018364529864
469,43,Female,45556.373841460554,74,24,358.3215313897218,Home,2,10.0,0.3603208609238489
470,38,Male,112584.25262600546,60,19,915.3338237979912,Electronics,18,75.0,0.3180314035274285
471,56,Other,78247.49227925739,18,21,238.655870000313,Sports,47,82.0,0.016704630757551773
472,53,Other,28045.76160453182,92,3,155.28918591580003,Sports,33,98.0,0.14799386810686668
473,50,Female,49674.87968125746,35,12,192.83623932233039,Electronics,35,41.0,0.27576885103975585
474,47,Other,78635.52194817411,43,26,229.06359458574184,Sports,51,50.0,0.3771023400501407
475,54,Male,44009.22157534632,95,19,316.3303861868891,Electronics,18,87.0,0.3343510999910464
476,40,Male,67030.95917651778,91,19,247.81344527151253,Clothing,30,71.0,0.4455815938090143
477,27,Male,79015.92600672296,11,13,197.50432360892455,Home,44,59.0,0.1678601585322245
478,22,Other,-7768.561653127861,49,28,191.36856914182192,Clothing,53,39.0,0.3389715645914839
479,53,Other,57839.24600421499,38,7,244.4337432863019,Beauty,10,3.0,0.05288534603447528
480,51,Other,58624.18307130244,64,15,321.199004977368,Beauty,52,76.0,0.24819931414992416
481,48,Other,51758.55088632421,69,23,377.2815444620094,Beauty,49,7.0,0.45009649977276056
482,27,Other,66033.90269892082,8,7,233.5385121576266,Electronics,11,49.0,0.41604051205742637
483,36,Male,73150.39214991749,34,26,246.42054553899214,Sports,66,26.0,0.5943856423033074
484,49,Female,62841.01888649218,48,8,152.88466350740936,Clothing,58,33.0,0.1667346755926536
485,18,Male,52523.45211901136,56,5,405.1354055279573,Clothing,36,48.0,0.29891357950438746
486,22,Other,72652.4259956854,76,21,137.91977294751328,Clothing,33,79.0,0.19771824826439802
487,62,Male,,65,14,343.73298494244403,Clothing,47,2.0,0.26436186843550485
488,21,Other,55385.99173609044,31,4,220.77312375900235,Beauty,13,71.0,0.5141700779216328
489,33,Other,33754.41229322162,4,23,202.0506804927745,Clothing,40,32.0,0.41052544511309197
490,41,Male,28746.904294678432,50,10,161.19971424912586,Sports,68,4.0,0.529464714808549
491,33,Other,33375.404145718596,69,20,442.80389195257067,Beauty,42,20.0,0.12210666499913186
492,19,Female,65566.5812244043,30,15,267.71932986227154,Clothing,19,36.0,0.5240166707048628
493,45,Other,58418.42504787297,88,18,251.70243496832506,Electronics,19,32.0,0.03585736450703065
494,49,Female,30394.318035850734,59,20,320.9385887643634,Home,58,28.0,0.5331595682622914
495,44,Female,72918.35651587622,67,13,197.93338194960293,Home,23,77.0,0.19744426767643675
496,37,Other,87486.1902635819,75,29,250.14767641848047,Home,54,1.0,0.1887525800484399
497,41,Male,48030.12766567328,45,8,254.50690294496968,Beauty,65,60.0,0.30725314601919834
498,29,Female,25180.36285263252,4,9,209.02834141214933,Clothing,12,56.0,0.564414112633939
499,52,Male,45817.472301961745,26,16,345.9710463348731,Beauty,24,35.0,0.02866881880884322
500,50,Female,77089.21253589388,27,19,232.50764708032767,Sports,34,30.0,0.21133858504244718
501,50,Other,70970.59717069547,46,16,125.74943573049364,Electronics,53,54.0,0.5139431932100014
502,60,Other,41551.34627977042,64,7,225.8802109183301,Electronics,8,36.0,0.23763268646128002
503,54,Female,90423.44275529483,91,14,269.9342937371118,Home,18,55.0,0.1194941385582402
504,29,Other,,51,28,178.52054128899132,Home,57,89.0,0.25487650879884705
505,20,Female,,50,14,184.8324165463649,Home,5,80.0,0.23133150089500157
506,18,Other,45134.199940700666,6,25,206.29927694991676,Clothing,26,,0.549249720880022
507,50,Male,48143.44125241021,59,27,347.69885280535686,Sports,30,83.0,0.4571606254458582
508,57,Other,49853.34449222908,15,4,211.0273581883435,Sports,54,65.0,0.3030693334464038
509,27,Male,79010.76015856888,30,26,364.3293614840825,Sports,13,69.0,0.5930223400329426
510,60,Other,68506.58120953188,42,15,200.80396494813314,Sports,29,51.0,0.279166518765554
511,61,Male,77541.57538701175,37,3,276.0011309005234,Home,3,22.0,0.034942698492165136
512,46,Other,73471.302863734,42,5,214.3005860624199,Electronics,58,88.0,0.15736459308899092
513,30,Male,94290.54136387464,35,1,310.32665362323775,Home,2,53.0,0.2616422881315876
514,29,Female,38812.289123817194,87,3,160.53806763477766,Sports,28,36.0,0.09414157448767206
515,48,Female,67607.17060767832,6,15,309.4287583661785,Home,2,68.0,0.5685390757944258
516,63,Male,16523.574875306054,68,24,259.1095520247747,Sports,7,36.0,0.46010933869066384
517,19,Other,33660.888518062835,18,27,198.80065465780407,Beauty,26,52.0,0.16097232025666358
518,52,Male,58502.93228130306,73,8,236.70228122318795,Electronics,16,53.0,0.3544827201107495
519,40,Other,68364.13225509072,29,29,372.708395282574,Beauty,23,82.0,0.4328694942657432
520,34,Female,231854.74063763444,77,4,261.02756039046267,Clothing,40,50.0,0.5647673573440788
521,43,Other,48656.15162374644,59,2,193.7817587269889,Home,60,80.0,0.5289812095052464
522,25,Female,52211.64245013925,47,29,153.62453737375097,Clothing,32,41.0,0.3091153356829282
523,46,Other,87388.81952848208,17,24,290.4323418744798,Home,15,18.0,0.46479157187581055
524,43,Other,52319.35644239719,96,24,265.66761976085485,Beauty,13,22.0,0.337286852296551
525,27,Other,94984.83244087055,22,10,305.60165560705786,Sports,5,66.0,0.33162233402732405
526,43,Male,75880.34147082266,68,4,133.0220208248126,Sports,52,21.0,0.06884517500291513
527,51,Male,69150.74692296461,69,3,156.21916376867998,Home,41,44.0,0.07568259480969124
528,58,Female,36128.06179358009,37,2,341.75033594015196,Sports,53,47.0,0.31772016901347444
529,24,Female,78704.76322799253,49,25,276.5073317423472,Beauty,50,39.0,0.16131692698740396
530,21,Male,50124.588445030015,13,17,292.67206809900495,Sports,15,29.0,0.01262214147628118
531,62,Female,36111.204839886006,34,23,172.98503743136374,Beauty,7,54.0,0.4337035223401274
532,28,Male,,86,21,171.52102413368652,Clothing,40,90.0,0.019491958014098976
533,46,Other,32241.078788669205,53,24,329.3006926553671,Beauty,28,85.0,0.3571661046624327
534,53,Female,44755.170757408356,87,20,333.0702123812119,Electronics,32,17.0,0.32351627647638864
535,42,Female,59797.68177062177,51,23,162.9344410376757,Electronics,15,80.0,0.5812888143466827
536,38,Male,104368.42848229455,3,13,147.6503603317724,Electronics,70,60.0,0.290527883608585
537,53,Female,46261.68488415025,42,5,241.31256234300446,Home,65,31.0,0.03816086182667842
538,27,Female,50835.66961398849,98,21,186.05212372991951,Home,4,73.0,0.331012780683877
539,54,Other,74646.9010884329,32,9,184.38584967631795,Home,11,95.0,0.5046577023696608
540,26,Female,35234.08623247908,51,25,149.88974028580859,Beauty,26,,0.5981095705688639
541,41,Other,68856.12762041831,85,29,212.52529213757066,Home,61,49.0,0.25820590421344347
542,52,Male,84118.53615233176,46,25,157.62442058937074,Clothing,37,2.0,0.1921792454980455
543,52,Female,53858.102305777975,21,28,162.36792775926108,Electronics,23,48.0,0.5439919781711994
544,53,Other,80523.08562793731,44,22,273.87134772530436,Beauty,40,14.0,0.11474527744567281
545,35,Male,65828.99846423612,11,6,245.5841412570099,Electronics,23,,0.369257349019756
546,56,Female,45386.36072392439,68,5,288.79029452257055,Home,16,97.0,0.24342865450856863
547,49,Male,56043.906282069875,1,25,118.0773251720555,Beauty,61,,0.02464941897333317
548,41,Female,52404.853200395155,92,10,752.3713463591432,Sports,68,58.0,0.20837308458341866
549,40,Male,,63,8,416.051003373267,Clothing,31,58.0,0.15913711350160475
550,49,Male,63054.357984396585,24,7,220.21820125715206,Home,53,51.0,0.4116546923660921
551,54,Other,71763.99869943714,99,7,315.9799205257838,Home,25,84.0,0.5692742986151509
552,29,Male,70173.36499174271,13,6,315.28054790195387,Clothing,44,2.0,0.16082831242718265
553,30,Female,11365.728574757039,98,21,319.21588864010204,Clothing,12,,0.486879563491009
554,40,Female,58053.83622455946,11,29,263.33293496458583,Sports,9,83.0,0.033215890163045714
555,42,Other,29811.56173186475,51,20,295.2868786195371,Home,12,82.0,0.3228726060238879
556,52,Female,54485.45495065348,17,3,305.9210896010404,Home,69,16.0,0.04233003822593675
557,58,Female,57524.2082437816,99,19,300.83568226514865,Electronics,54,4.0,0.5604197946783835
558,47,Female,79522.96716169418,82,22,160.6065461189283,Beauty,54,12.0,0.45981076833443413
559,34,Male,59397.690657998006,86,15,113.40924139648106,Beauty,28,29.0,0.3947699467227554
560,37,Male,65184.3603668652,24,4,377.1399495804463,Electronics,56,7.0,0.49433782897479855
561,42,Female,75861.12761314858,19,28,228.3872006093869,Beauty,69,14.0,0.38851187734209786
562,39,Other,84555.045196386,37,12,297.51413875381155,Clothing,58,12.0,0.5813666383045747
563,30,Male,57539.72153286179,85,6,161.64709779907324,Beauty,42,99.0,0.4283747687188629
564,36,Other,61883.58883360818,8,19,323.9176366867523,Beauty,38,5.0,0.5547951657493481
565,53,Female,60200.466044845074,28,4,209.81798603936912,Electronics,68,81.0,0.3102791352063828
566,29,Female,49148.02071137848,5,15,210.5795831044737,Sports,53,32.0,0.07023864778911759
567,58,Male,44617.6955311522,17,9,183.11144032963196,Beauty,33,74.0,0.31690663285381027
568,36,Female,14562.281671481294,36,5,99.2170912786981,Beauty,71,,0.07612369683785598
569,29,Male,38466.781309513404,19,13,268.34513027477175,Sports,56,81.0,0.355496087505843
570,26,Female,24427.38333580393,64,23,387.0134170270855,Electronics,51,,0.28949583631659775
571,24,Female,85103.96968906504,91,26,244.98683811739494,Sports,43,45.0,0.373545238699669
572,45,Male,63768.32016594857,98,18,101.94946866441184,Electronics,15,9.0,0.006028188632898957
573,31,Male,57481.220541063325,11,5,312.4274249293157,Clothing,38,49.0,0.11690429499321846
574,48,Male,,54,25,120.01616079176087,Electronics,15,33.0,0.29479825914727853
575,36,Female,60595.585264692476,45,16,153.27724824086516,Clothing,5,18.0,0.5703021369534809
576,64,Female,43040.40244689332,47,27,230.93294621491432,Clothing,54,9.0,0.23016542421309505
577,33,Other,63480.37113241208,12,19,259.82747508321586,Electronics,51,62.0,0.25462321563218077
578,22,Male,,21,14,169.30687990665376,Home,10,57.0,0.4288176534039733
579,52,Female,42772.325952865125,11,25,227.81471547472157,Electronics,12,29.0,0.3622756543716708
580,29,Female,42390.76070355188,92,16,307.2129920608548,Beauty,4,78.0,0.17935569005899993
581,42,Male,79243.98709190235,5,27,318.1743107846415,Beauty,18,25.0,0.24648983734045665
582,38,Other,58942.800914174,81,15,350.11651374514116,Home,36,,0.13061987931433947
583,53,Male,44379.59141470218,56,22,402.7534921834795,Clothing,25,6.0,0.5796128754781251
584,40,Other,52589.87396620962,20,4,314.79114573288933,Home,36,42.0,0.07838062893441584
585,33,Female,39788.11826586786,41,7,232.66107884766078,Beauty,67,29.0,0.22310207073985167
586,56,Other,58656.32838676166,46,16,318.7451032898378,Home,9,79.0,0.015503383332006715
587,62,Female,76632.56615328937,12,24,287.3372987204146,Electronics,61,93.0,0.13306769516012784
588,59,Male,59446.586648114775,70,22,290.5093582021004,Home,53,4.0,0.46828268302809295
589,56,Male,107272.66887350769,17,21,264.17750280573483,Clothing,18,,0.12070513937332766
590,31,Male,68427.19136098002,19,22,177.03567182768748,Electronics,43,57.0,0.04803804151737936
591,48,Other,64599.08895684425,26,21,167.75228737424558,Sports,35,49.0,0.284671907906714
592,22,Female,41833.95738068388,48,8,242.23054391398858,Beauty,63,44.0,0.005981540840711097
593,52,Male,55229.33106314667,52,17,261.91280606770977,Beauty,4,80.0,0.050859692655799905
594,40,Male,44419.72313932615,96,16,195.64472616546297,Home,41,75.0,0.48457552173778506
595,46,Female,16687.095431917525,70,27,283.867355888686,Electronics,45,14.0,0.4628840069157638
596,60,Male,79485.24444257615,55,23,416.4612723231351,Sports,50,3.0,0.5490832922429376
597,28,Female,49770.98888899538,75,10,331.36062737321816,Electronics,28,,0.5127092615464497
598,35,Female,44791.99851333388,33,10,296.57955820510085,Beauty,42,64.0,0.40990533794389084
599,64,Female,64211.400679169295,62,27,244.72203032873517,Electronics,69,45.0,0.0313997143803977
600,29,Female,70249.99104443034,88,2,286.0524444267724,Sports,1,82.0,0.4697091707919945
601,26,Female,53584.50334187443,23,9,215.54282396317672,Home,39,,0.5073064865043363
602,27,Other,59947.96664781963,15,17,238.31520919622665,Clothing,17,20.0,0.47944928746317267
603,61,Male,74923.74814628807,27,11,260.36003608064794,Electronics,35,58.0,0.30508742118481563
604,34,Other,52796.12810780104,75,10,225.86928931717915,Clothing,46,89.0,0.139741103189689
605,55,Male,66046.67483526668,64,22,128.3566946104081,Beauty,42,57.0,0.507197985413236
606,24,Other,26815.107632216997,81,25,231.28679754844376,Home,39,77.0,0.43629768584408307
607,63,Female,35173.620031445025,51,17,136.68530974430448,Home,49,68.0,0.5884567046333109
608,30,Male,72110.79556160807,53,4,302.25544884642477,Electronics,62,78.0,0.09341555865355974
609,57,Male,34128.827216654034,78,16,100.7563919137502,Home,38,97.0,0.13539874983123304
610,59,Other,64682.75094226592,91,20,332.29235035647116,Electronics,23,92.0,0.12707888992890162
611,26,Other,57060.024356058544,82,15,284.36504001627833,Electronics,22,52.0,0.475523860572802
612,44,Male,52710.65474959542,92,25,284.67108925871156,Clothing,4,37.0,0.1121443778700709
613,19,Other,43430.74462064543,51,27,76.85521057217284,Home,49,8.0,0.039995897893983653
614,22,Other,78186.80036210752,47,21,223.71204495267548,Electronics,59,44.0,0.5991364839513772
615,46,Other,94597.8230903967,4,5,342.2850742927888,Clothing,68,98.0,0.014890326867089486
616,54,Female,66003.84325200389,7,6,208.51136167757642,Sports,71,5.0,0.5011464360953194
617,55,Female,66449.81431345634,35,17,163.75502800290286,Clothing,2,,0.21922010493039168
618,36,Other,46353.387402850116,48,1,199.06639239954302,Clothing,49,31.0,0.5049692758546891
619,25,Other,36078.0553635124,73,25,244.53779018885297,Electronics,31,45.0,0.33277229472668696
620,62,Female,59205.22190387651,72,19,181.8903639749751,Beauty,40,9.0,0.540978737691816
621,18,Female,40525.00704083848,45,4,348.7053785671435,Beauty,48,32.0,0.555715791848776
622,39,Male,24547.797433683565,81,17,244.8265976007686,Beauty,51,33.0,0.005458908768465598
623,34,Male,76068.91624731164,81,9,205.55445216416575,Clothing,43,,0.04524730559567296
624,24,Female,77043.33576503667,97,24,145.89251785315366,Electronics,55,30.0,0.15021523774251327
625,42,Other,42823.22454093811,96,2,288.75572842231503,Home,49,76.0,0.401589249818101
626,62,Other,64879.28642558488,72,8,286.93330357690905,Clothing,57,29.0,0.5329633179069035
627,21,Other,80039.04535583533,19,15,186.62328750522465,Clothing,15,3.0,0.27596517077637767
628,53,Other,64100.53374123758,63,7,71.09367773486838,Electronics,27,90.0,0.36418386976455924
629,23,Male,36136.90707802533,38,27,282.8609751660707,Sports,68,57.0,0.11309991167733668
630,48,Female,55342.13173525803,67,6,235.0557286991198,Clothing,64,30.0,0.4829801003290112
631,36,Other,86536.18840083982,59,1,276.8856934340535,Sports,30,9.0,0.5803968668120818
632,61,Male,64940.53287210226,69,15,406.57396269117106,Sports,36,26.0,0.16115935974875847
633,56,Other,70782.64206365611,13,23,247.85345250327524,Beauty,67,2.0,0.29689557096032776
634,44,Female,66832.58438738229,47,26,208.89291065257825,Electronics,49,62.0,0.05166966630382428
635,27,Male,42889.77284043493,61,7,158.21424258813278,Sports,55,3.0,0.33548199387778105
636,43,Female,47583.09561434714,31,29,225.00625668039606,Electronics,56,46.0,0.3016700651080083
637,36,Female,66777.30314103485,80,25,262.8461879692513,Beauty,68,,0.08666189049304655
638,56,Male,,96,17,254.26459364790082,Electronics,44,25.0,0.265239727870845
639,20,Male,81998.09901835765,22,2,387.87722720536823,Clothing,31,51.0,0.20046279125193794
640,62,Male,42837.88910463613,93,27,289.9268452372754,Sports,58,13.0,0.3130985251831136
641,30,Male,68662.41069354388,86,9,239.21593027942322,Electronics,53,44.0,0.3513926012572795
642,45,Male,83740.88223437953,43,29,193.47515369332217,Home,23,35.0,0.005097347164325705
643,37,Male,40258.36459423955,67,9,271.33382110266564,Electronics,28,55.0,0.4566035897697332
644,45,Male,,54,13,177.43934732938726,Sports,16,,0.42780857511704445
645,25,Other,92778.8165468838,10,6,264.38648636303253,Beauty,37,9.0,0.21977183172391332
646,58,Female,,42,6,288.9931141523875,Beauty,21,2.0,0.031761561341290954
647,56,Male,64618.66881659989,64,20,232.6838221782842,Sports,17,61.0,0.4529595238710302
648,18,Other,64728.493525248974,21,20,199.57708447478868,Clothing,37,41.0,0.5731050962868794
649,20,Other,76539.88778234636,80,21,75.17625221320753,Clothing,19,44.0,0.1440909576132085
650,30,Other,75956.05346098833,76,3,341.50693811363124,Beauty,30,64.0,0.19411476824222273
651,45,Female,82527.33721991211,66,17,282.26403121962255,Beauty,45,31.0,0.11028773368908897
652,42,Male,75680.66360930208,41,17,284.2093825267826,Sports,18,47.0,0.3461616740069038
653,50,Other,57878.761819239226,24,12,125.09181313781602,Clothing,62,2.0,0.09290483678847296
654,55,Female,84439.94241947004,35,16,360.38709597920456,Beauty,36,96.0,0.21371636607682767
655,23,Female,38574.917006145486,56,15,212.78265067055358,Clothing,52,82.0,0.41820780836055776
656,61,Female,60117.04673450753,30,13,226.8963757840411,Beauty,19,77.0,0.336069589805609
657,62,Other,91274.71232099598,57,23,164.457051566494,Electronics,44,69.0,0.23187753859676113
658,49,Male,34995.070037593614,94,1,107.04434149281214,Home,7,58.0,0.25214976108452514
659,62,Other,46450.48686005674,47,17,342.58770493788535,Electronics,44,44.0,0.3372665295739377
660,64,Other,73434.94582154583,35,3,352.92778955180995,Beauty,68,74.0,0.0035188367322967814
661,38,Male,67878.23946472305,19,26,236.7577478917338,Home,34,56.0,0.047105921072165914
662,33,Male,42499.4918468751,8,15,195.649234415492,Home,66,43.0,0.528754840657807
663,38,Male,51676.11994539719,26,4,219.83646646925934,Beauty,69,89.0,0.04672739345477445
664,28,Female,36384.35874699322,71,4,222.03080079715602,Beauty,55,34.0,0.4240821577263031
665,54,Male,79609.69999041145,30,18,154.01122222563214,Clothing,10,30.0,0.5520228984654315
666,53,Other,54882.372846589366,7,17,679.8587482934784,Beauty,42,71.0,0.16241016258103866
667,52,Male,95843.11821521264,67,19,262.248159434746,Sports,41,70.0,0.22229486223570855
668,36,Other,61622.00488080043,65,11,331.45257981190014,Beauty,69,55.0,0.34135284350682976
669,37,Female,55605.19393194247,36,20,251.13953312109697,Sports,10,67.0,0.5290253817831508
670,35,Other,53663.56477416405,25,3,123.89186328804513,Beauty,10,13.0,0.5651433523562521
671,64,Other,55116.00329615142,37,8,278.28382905589416,Clothing,60,3.0,0.4437379488667608
672,58,Male,62216.42190267606,1,14,229.5255550664197,Sports,51,26.0,0.05197185651281642
673,31,Male,,15,26,359.6327755187093,Electronics,21,57.0,0.40149249332091047
674,32,Other,53222.80659801281,37,1,364.3566241635206,Sports,8,24.0,0.24618223312359722
675,48,Male,53872.93078457381,13,14,367.156344981384,Clothing,65,53.0,0.28242059969463695
676,18,Female,61311.876913663575,8,2,205.07296517013765,Sports,30,70.0,0.029489034207106222
677,20,Female,81805.49012688521,5,29,409.1884058670046,Beauty,49,43.0,0.1146372836078149
678,33,Male,31580.30877854442,60,23,278.07540039165656,Beauty,9,60.0,0.47430816452018865
679,40,Female,69101.85473819291,73,4,380.1104324534906,Clothing,17,58.0,0.27237529982871583
680,28,Male,43651.49647957676,1,24,209.79043089345922,Home,69,49.0,0.1809973449786893
681,29,Other,71065.45377901898,36,27,226.11226099122987,Beauty,58,42.0,0.23041144437897487
682,27,Other,50124.801152790875,35,29,271.92218821376684,Electronics,57,76.0,0.5126397079954081
683,49,Female,13917.953204854268,66,19,262.1502087691152,Clothing,62,66.0,0.4493994104429741
684,33,Male,67391.5520537497,63,6,350.3849554775336,Sports,52,11.0,0.16338923830864965
685,25,Male,67222.89540693737,23,25,231.42965451612366,Sports,61,98.0,0.07050110412742398
686,55,Female,48418.393830411405,9,1,343.1691992248285,Electronics,40,90.0,0.15119893298644302
687,29,Other,47233.12279713995,34,17,308.57876057061225,Beauty,38,18.0,0.5524538706328402
688,41,Female,33772.545498246945,46,8,232.92862251142813,Clothing,43,85.0,0.3489533027098532
689,45,Other,75461.99883077743,78,19,302.37412939858507,Electronics,63,52.0,0.3200881252468697
690,25,Male,77644.31564933616,4,21,212.1387962533561,Beauty,19,46.0,0.3578361598154769
691,45,Other,42418.9822964822,30,1,438.01646400045774,Clothing,50,44.0,0.21961695944790915
692,53,Female,49201.31080922298,95,5,36.853414314044244,Sports,33,22.0,0.4842642121917076
693,43,Male,58734.217577220734,75,27,303.83545635960314,Clothing,13,53.0,0.3139717495801499
694,25,Female,105417.30562071093,99,16,108.83232725783623,Home,62,59.0,0.07004874166127732
695,45,Female,70902.43495177865,72,6,231.9474637425545,Clothing,43,94.0,0.07743907489743777
696,45,Other,41131.689699832415,3,8,243.15135284230033,Home,49,30.0,0.322115487901571
697,54,Female,66075.6061898101,14,13,370.6106847130947,Clothing,36,8.0,0.5619421308425034
698,58,Other,32466.16918723837,60,16,194.62782303384878,Home,10,98.0,0.18501127300571923
699,53,Male,74359.80619832342,77,3,354.64095325294227,Sports,6,57.0,0.521724701315531
700,44,Other,,45,19,155.69466878201627,Beauty,57,,0.45845735194732756
701,34,Male,93595.83370167916,96,12,357.73357790038926,Home,1,20.0,0.1486874657441441
702,26,Other,74697.87006948677,34,16,212.0523646477222,Home,71,25.0,0.021804448989745474
703,50,Female,48331.75288263741,45,27,255.8747615392895,Sports,58,19.0,0.06110835908542964
704,37,Other,33981.964869717485,61,11,223.08970695116767,Home,21,5.0,0.4370963603084641
705,30,Other,31995.89913261782,83,10,352.58907792924833,Electronics,56,75.0,0.11980184282438801
706,45,Male,3875.657810029134,16,25,337.0191874586998,Sports,20,,0.22276255230323627
707,46,Female,73877.11526015843,66,20,285.480137646762,Electronics,54,72.0,0.3010194996038549
708,30,Other,57943.28959551201,40,4,473.5515876991743,Sports,25,83.0,0.4352809010700977
709,63,Female,78184.32332906255,17,12,192.7982505575806,Home,28,87.0,0.06793873395547523
710,52,Other,88560.62970469576,34,23,167.71387795950997,Electronics,5,27.0,0.24381984316647687
711,23,Other,61998.110878048195,16,2,70.14856905662694,Home,21,40.0,0.29104374548561723
712,35,Female,62919.232194263,60,24,350.9054481480037,Sports,18,96.0,0.3244962383829238
713,22,Other,,66,22,223.77411789258426,Home,47,26.0,0.49101638483713
714,64,Female,53078.31165655184,66,19,222.92048285661622,Electronics,70,27.0,0.10300691702593014
715,42,Other,74569.39824945868,90,25,369.68817867404476,Electronics,57,62.0,0.48469887109597337
716,19,Male,,13,5,635.7627354272718,Home,19,83.0,0.4157270566179913
717,27,Female,53619.84666494352,56,8,182.76232514512552,Clothing,65,50.0,0.3335224885193756
718,47,Other,59633.662811142975,31,7,232.02035035880124,Sports,3,42.0,0.41971672224154316
719,62,Other,77726.60392123178,34,14,159.3864758498483,Sports,42,29.0,0.24721064337099383
720,22,Male,46146.76884339795,39,24,277.5484615430365,Home,21,39.0,0.08303855158087474
721,50,Female,58669.42964895935,67,23,220.1070337388664,Clothing,40,60.0,0.3994591441592204
722,18,Other,64905.556755568585,8,3,209.41828715249503,Electronics,67,41.0,0.31480338401137337
723,35,Male,,87,18,202.48774623837582,Beauty,25,33.0,0.3836248803256653
724,49,Other,55214.06446401162,78,16,241.5022804926391,Beauty,55,83.0,0.202799268617094
725,64,Female,45643.532278965555,55,23,256.6784900415881,Home,52,83.0,0.5441199464039015
726,28,Other,50312.78111455289,27,19,208.40199292739825,Clothing,44,97.0,0.35242192114534615
727,38,Other,81061.14866030759,93,19,221.29872511238827,Clothing,56,16.0,0.0512414905745243
728,43,Other,100666.10597206929,53,18,243.47817385445208,Sports,55,23.0,0.2698823944226572
729,42,Other,33724.843726279345,39,20,235.4065491568369,Electronics,70,7.0,0.4538136328461806
730,39,Male,,65,16,252.4860773500011,Clothing,66,26.0,0.4764807370393634
731,44,Male,56624.06426595709,17,8,195.8663357401589,Beauty,19,96.0,0.29675823165825527
732,30,Female,62219.12192136088,30,28,330.3674327301192,Electronics,7,12.0,0.5368485424987807
733,50,Male,75739.39131109991,53,1,257.7462541927614,Electronics,63,72.0,0.16060106231657853
734,51,Male,42177.339827970274,13,17,209.6922597740098,Home,42,5.0,0.24635921834295993
735,58,Female,38737.81926701072,21,12,277.5507373902828,Clothing,42,92.0,0.539158146341382
736,52,Male,62761.7430626726,19,21,244.05051209450284,Home,59,69.0,0.5377540298829473
737,18,Male,54831.98559585663,53,11,111.29389164130656,Clothing,20,49.0,0.4114276612948085
738,38,Female,78534.4199554305,19,5,277.2762152177301,Sports,17,26.0,0.515388328273332
739,23,Female,69747.19606380767,57,27,168.43950380926503,Home,27,5.0,0.0532639601737396
740,45,Female,71107.58695266438,25,12,324.7542226585046,Home,47,22.0,0.5189969857246658
741,34,Other,57910.373072462666,86,17,230.66002888852424,Beauty,2,79.0,0.19237194393013604
742,22,Other,107111.60517136412,31,6,312.4056237912851,Home,63,13.0,0.10699890745692979
743,48,Female,43245.0403681248,81,1,199.58251574419143,Clothing,62,28.0,0.1436219018052278
744,22,Female,72216.1966750955,55,5,255.59434137125118,Beauty,19,33.0,0.2507811048083322
745,55,Female,34606.20025853785,23,25,346.8194800405501,Home,17,23.0,0.15071520276268033
746,20,Other,38530.64644521096,32,28,228.4786762868142,Home,69,97.0,0.1923405516098994
747,40,Other,47853.0880246909,62,14,202.73463210113562,Sports,39,18.0,0.08098709164298525
748,54,Male,92586.46673236052,74,5,302.40324910254316,Home,71,30.0,0.1777060593353991
749,54,Male,65277.88860908038,10,22,300.85292774007684,Electronics,39,26.0,0.3433702887252007
750,27,Female,48190.4386291125,72,24,206.1000693268145,Beauty,36,16.0,0.26511222485463837
751,27,Other,67488.72651909146,54,27,91.16311836657901,Electronics,40,77.0,0.20803125674154668
752,36,Other,60702.95762849017,52,1,201.19816180013152,Beauty,45,39.0,0.4478712773142684
753,34,Other,50160.53261721761,20,18,304.1887617349138,Sports,4,33.0,0.5361059828359908
754,38,Female,32067.422884235453,32,16,187.99726484610207,Home,25,26.0,0.4540735337414382
755,31,Male,88770.8496902458,14,9,249.12497303870435,Home,69,48.0,0.1992004212706075
756,26,Female,64196.36257420084,50,19,197.40120496269247,Home,30,65.0,0.4466653007025322
757,63,Male,413899.0698774591,28,22,95.42662699791603,Beauty,68,38.0,0.09118810948443072
758,18,Male,78806.4324108176,53,5,195.96150583680577,Home,29,2.0,0.07819079285477455
759,62,Female,71026.39449522085,24,27,303.850561655177,Electronics,68,6.0,0.20737622222169536
760,30,Male,51295.91342766066,79,2,60.37980159473502,Home,51,46.0,0.48462142142643416
761,21,Male,38093.08872286166,22,15,270.173388038046,Sports,24,50.0,0.1478089483453811
762,18,Other,55645.380310231056,30,7,155.11446148804694,Electronics,14,38.0,0.03795204533920775
763,57,Male,37514.148115883385,63,4,298.6753655579354,Home,69,88.0,0.07902572112381305
764,49,Female,73003.80761461509,4,1,307.1455148698922,Home,18,18.0,0.515246981117748
765,51,Female,92653.04995394261,77,13,236.24416520709792,Clothing,42,,0.38026997084837255
766,45,Male,54781.754677657394,59,20,236.42654729750222,Beauty,57,41.0,0.151920698021986
767,48,Other,78889.81944782395,87,22,185.4909842290959,Electronics,12,72.0,0.3331774951969088
768,25,Other,46215.418595662864,8,7,142.35332799160273,Clothing,17,92.0,0.31654777345521024
769,56,Male,53950.663235852975,82,15,385.8474325066986,Sports,30,74.0,0.39326158706439673
770,43,Male,43700.72030869114,12,23,180.79428582630976,Beauty,23,17.0,0.1399125326529698
771,51,Female,17337.33929858979,31,14,375.4236904957178,Electronics,1,62.0,0.5186417923166385
772,20,Male,59269.33300162779,78,23,181.23999681598585,Home,32,29.0,0.1856211372480077
773,29,Other,62569.034751955056,34,19,292.01523122701826,Electronics,9,58.0,0.4164789923857421
774,18,Male,81317.21997523274,82,22,158.97542722770922,Home,15,70.0,0.009674787823328933
775,61,Female,75908.76505338575,98,29,291.87160135216124,Beauty,28,78.0,0.22359427793648834
776,22,Female,76179.05798077991,75,24,223.95301142775025,Home,24,22.0,0.21102589077528497
777,47,Female,40519.27553764246,76,20,224.99870714594636,Sports,60,6.0,0.32609065714980867
778,47,Female,69189.94612141384,49,29,298.80185358275605,Home,35,26.0,0.0436417570663179
779,34,Female,91651.87930963184,79,24,212.46869079367215,Sports,27,39.0,0.47407882423566494
780,64,Male,67597.35701418163,57,18,135.7481203643922,Beauty,20,12.0,0.1306684810605411
781,40,Male,96571.87226129994,95,10,310.9044450727562,Beauty,65,99.0,0.4062226889292061
782,32,Male,100379.32222239727,93,9,158.32795280141374,Electronics,49,14.0,0.4819272739464559
783,54,Male,54630.63459416709,26,25,291.3213827518328,Sports,1,,0.3371261737449079
784,38,Female,,18,8,327.83972362664,Sports,10,51.0,0.4445299240331913
785,31,Other,44770.756691621,96,26,219.9604890918226,Clothing,47,23.0,0.3971161873290033
786,19,Male,29677.2835979356,86,29,344.5882275273427,Clothing,59,48.0,0.21331787829120455
787,28,Other,49631.94201168956,38,10,288.5426966289027,Clothing,62,71.0,0.48531512342013916
788,56,Male,84153.30899512493,81,17,194.33108638841796,Home,18,50.0,0.1768208219313168
789,55,Male,15919.2484949752,87,2,362.11432018128596,Clothing,46,89.0,0.34272775065091027
790,51,Other,39250.931985725074,88,6,158.66625426084877,Sports,32,13.0,0.4472386434849237
791,55,Female,57457.371166960045,50,26,219.86396560771476,Home,27,85.0,0.22737354588750455
792,51,Male,42456.29598756599,8,5,233.49481571045368,Beauty,18,10.0,0.181660564570455
793,35,Male,49454.2811151956,41,28,298.4178960814604,Electronics,39,55.0,0.2756076061036936
794,47,Male,49753.40651155393,6,9,339.23466379049074,Clothing,49,9.0,0.4907780966094921
795,32,Other,54849.19559876502,69,5,334.2233245522171,Beauty,44,79.0,0.5579530578873988
796,44,Female,45410.90607780523,44,18,267.8998655659445,Sports,54,52.0,0.3270500477159341
797,51,Other,43775.73572288904,64,26,227.57847164291465,Electronics,34,2.0,0.3968797231941911
798,55,Other,,29,20,103.92126066978959,Beauty,71,25.0,0.5419641733433485
799,50,Female,80993.0835572069,28,9,144.86833164358268,Electronics,36,13.0,0.05912811084776543
800,41,Other,32389.133095051813,11,17,391.33243914331484,Clothing,18,98.0,0.139247146719699
